<?xml version="1.0" encoding="UTF-8"?>
<project-private xmlns="http://www.netbeans.org/ns/project-private/1">
    <editor-bookmarks xmlns="http://www.netbeans.org/ns/editor-bookmarks/2" lastBookmarkId="0"/>
    <open-files xmlns="http://www.netbeans.org/ns/projectui-open-files/2">
        <group>
            <file>file:/D:/Users/caemci/Desktop/protected-java/src/vehiculos/Auto.java</file>
            <file>file:/D:/Users/caemci/Desktop/protected-java/src/muestraprotected/Principal.java</file>
            <file>file:/D:/Users/caemci/Desktop/protected-java/src/muestraprotected/OtraClase.java</file>
            <file>file:/D:/Users/caemci/Desktop/protected-java/src/muestraprotected/MiLista.java</file>
            <file>file:/D:/Users/caemci/Desktop/protected-java/src/vehiculos/Vehiculo.java</file>
            <file>file:/D:/Users/caemci/Desktop/protected-java/src/vehiculos/Moto.java</file>
        </group>
    </open-files>
</project-private>
