<?xml version="1.0" encoding="UTF-8"?>
<project-private xmlns="http://www.netbeans.org/ns/project-private/1">
    <editor-bookmarks xmlns="http://www.netbeans.org/ns/editor-bookmarks/2" lastBookmarkId="0"/>
    <open-files xmlns="http://www.netbeans.org/ns/projectui-open-files/2">
        <group>
            <file>file:/D:/Users/caemci/Documents/Charly%20Cimino/Youtube/Videos%20del%20canal/ABSTRACT/abstract-java/src/abstractt/Principal.java</file>
            <file>file:/D:/Users/caemci/Documents/Charly%20Cimino/Youtube/Videos%20del%20canal/ABSTRACT/abstract-java/src/abstractt/Vehiculo.java</file>
            <file>file:/D:/Users/caemci/Documents/Charly%20Cimino/Youtube/Videos%20del%20canal/ABSTRACT/abstract-java/src/abstractt/Concesionaria.java</file>
        </group>
    </open-files>
</project-private>
